text_id	subcorpus	path	filename
t000001	1950	1950/tv_com_1950_1.txt	tv_com_1950_1.txt
t000002	1950	1950/tv_com_1950_3.txt	tv_com_1950_3.txt
t000003	1950	1950/tv_com_1950_5.txt	tv_com_1950_5.txt
t000004	1950	1950/tv_com_1950_6.txt	tv_com_1950_6.txt
t000005	1950	1950/tv_com_1950_7.txt	tv_com_1950_7.txt
t000006	1950	1950/tv_com_1950_8.txt	tv_com_1950_8.txt
t000007	1950	1950/tv_com_1950_9.txt	tv_com_1950_9.txt
t000008	1950	1950/tv_com_1950_10.txt	tv_com_1950_10.txt
t000009	1950	1950/tv_com_1950_11.txt	tv_com_1950_11.txt
t000010	1950	1950/tv_com_1950_12.txt	tv_com_1950_12.txt
t000011	1950	1950/tv_com_1950_13.txt	tv_com_1950_13.txt
t000012	1950	1950/tv_com_1950_14.txt	tv_com_1950_14.txt
t000013	1950	1950/tv_com_1950_15.txt	tv_com_1950_15.txt
t000014	1950	1950/tv_com_1950_16.txt	tv_com_1950_16.txt
t000015	1950	1950/tv_com_1950_18.txt	tv_com_1950_18.txt
t000016	1950	1950/tv_com_1950_19.txt	tv_com_1950_19.txt
t000017	1950	1950/tv_com_1950_20.txt	tv_com_1950_20.txt
t000018	1950	1950/tv_com_1950_21.txt	tv_com_1950_21.txt
t000019	1950	1950/tv_com_1950_22.txt	tv_com_1950_22.txt
t000020	1950	1950/tv_com_1950_24.txt	tv_com_1950_24.txt
t000021	1950	1950/tv_com_1950_25.txt	tv_com_1950_25.txt
t000022	1950	1950/tv_com_1950_26.txt	tv_com_1950_26.txt
t000023	1950	1950/tv_com_1950_28.txt	tv_com_1950_28.txt
t000024	1950	1950/tv_com_1950_29.txt	tv_com_1950_29.txt
t000025	1950	1950/tv_com_1950_30.txt	tv_com_1950_30.txt
t000026	1950	1950/tv_com_1950_31.txt	tv_com_1950_31.txt
t000027	1950	1950/tv_com_1950_32.txt	tv_com_1950_32.txt
t000028	1950	1950/tv_com_1950_33.txt	tv_com_1950_33.txt
t000029	1950	1950/tv_com_1950_34.txt	tv_com_1950_34.txt
t000030	1950	1950/tv_com_1950_35.txt	tv_com_1950_35.txt
t000031	1950	1950/tv_com_1950_36.txt	tv_com_1950_36.txt
t000032	1950	1950/tv_com_1950_38.txt	tv_com_1950_38.txt
t000033	1950	1950/tv_com_1950_39.txt	tv_com_1950_39.txt
t000034	1950	1950/tv_com_1950_40.txt	tv_com_1950_40.txt
t000035	1950	1950/tv_com_1950_41.txt	tv_com_1950_41.txt
t000036	1950	1950/tv_com_1950_42.txt	tv_com_1950_42.txt
t000037	1950	1950/tv_com_1950_43.txt	tv_com_1950_43.txt
t000038	1950	1950/tv_com_1950_44.txt	tv_com_1950_44.txt
t000039	1950	1950/tv_com_1950_45.txt	tv_com_1950_45.txt
t000040	1950	1950/tv_com_1950_46.txt	tv_com_1950_46.txt
t000041	1950	1950/tv_com_1950_47.txt	tv_com_1950_47.txt
t000042	1950	1950/tv_com_1950_48.txt	tv_com_1950_48.txt
t000043	1950	1950/tv_com_1950_49.txt	tv_com_1950_49.txt
t000044	1950	1950/tv_com_1950_50.txt	tv_com_1950_50.txt
t000045	1950	1950/tv_com_1950_51.txt	tv_com_1950_51.txt
t000046	1950	1950/tv_com_1950_52.txt	tv_com_1950_52.txt
t000047	1950	1950/tv_com_1950_53.txt	tv_com_1950_53.txt
t000048	1950	1950/tv_com_1950_54.txt	tv_com_1950_54.txt
t000049	1950	1950/tv_com_1950_55.txt	tv_com_1950_55.txt
t000050	1950	1950/tv_com_1950_57.txt	tv_com_1950_57.txt
t000051	1950	1950/tv_com_1950_58.txt	tv_com_1950_58.txt
t000052	1950	1950/tv_com_1950_59.txt	tv_com_1950_59.txt
t000053	1950	1950/tv_com_1950_60.txt	tv_com_1950_60.txt
t000054	1950	1950/tv_com_1950_61.txt	tv_com_1950_61.txt
t000055	1950	1950/tv_com_1950_62.txt	tv_com_1950_62.txt
t000056	1950	1950/tv_com_1950_63.txt	tv_com_1950_63.txt
t000057	1950	1950/tv_com_1950_64.txt	tv_com_1950_64.txt
t000058	1950	1950/tv_com_1950_66.txt	tv_com_1950_66.txt
t000059	1950	1950/tv_com_1950_67.txt	tv_com_1950_67.txt
t000060	1950	1950/tv_com_1950_68.txt	tv_com_1950_68.txt
t000061	1950	1950/tv_com_1950_69.txt	tv_com_1950_69.txt
t000062	1950	1950/tv_com_1950_70.txt	tv_com_1950_70.txt
t000063	1950	1950/tv_com_1950_71.txt	tv_com_1950_71.txt
t000064	1950	1950/tv_com_1950_72.txt	tv_com_1950_72.txt
t000065	1950	1950/tv_com_1950_73.txt	tv_com_1950_73.txt
t000066	1950	1950/tv_com_1950_74.txt	tv_com_1950_74.txt
t000067	1950	1950/tv_com_1950_75.txt	tv_com_1950_75.txt
t000068	1950	1950/tv_com_1950_77.txt	tv_com_1950_77.txt
t000069	1950	1950/tv_com_1950_78.txt	tv_com_1950_78.txt
t000070	1950	1950/tv_com_1950_79.txt	tv_com_1950_79.txt
t000071	1950	1950/tv_com_1950_81.txt	tv_com_1950_81.txt
t000072	1950	1950/tv_com_1950_82.txt	tv_com_1950_82.txt
t000073	1950	1950/tv_com_1950_83.txt	tv_com_1950_83.txt
t000074	1950	1950/tv_com_1950_84.txt	tv_com_1950_84.txt
t000075	1950	1950/tv_com_1950_85.txt	tv_com_1950_85.txt
t000076	1950	1950/tv_com_1950_86.txt	tv_com_1950_86.txt
t000077	1950	1950/tv_com_1950_87.txt	tv_com_1950_87.txt
t000078	1950	1950/tv_com_1950_89.txt	tv_com_1950_89.txt
t000079	1950	1950/tv_com_1950_90.txt	tv_com_1950_90.txt
t000080	1950	1950/tv_com_1950_91.txt	tv_com_1950_91.txt
t000081	1950	1950/tv_com_1950_92.txt	tv_com_1950_92.txt
t000082	1950	1950/tv_com_1950_93.txt	tv_com_1950_93.txt
t000083	1950	1950/tv_com_1950_94.txt	tv_com_1950_94.txt
t000084	1950	1950/tv_com_1950_95.txt	tv_com_1950_95.txt
t000085	1950	1950/tv_com_1950_96.txt	tv_com_1950_96.txt
t000086	1950	1950/tv_com_1950_97.txt	tv_com_1950_97.txt
t000087	1950	1950/tv_com_1950_99.txt	tv_com_1950_99.txt
t000088	1950	1950/tv_com_1950_102.txt	tv_com_1950_102.txt
t000089	1950	1950/tv_com_1950_103.txt	tv_com_1950_103.txt
t000090	1950	1950/tv_com_1950_104.txt	tv_com_1950_104.txt
t000091	1950	1950/tv_com_1950_105.txt	tv_com_1950_105.txt
t000092	1950	1950/tv_com_1950_106.txt	tv_com_1950_106.txt
t000093	1950	1950/tv_com_1950_107.txt	tv_com_1950_107.txt
t000094	1950	1950/tv_com_1950_108.txt	tv_com_1950_108.txt
t000095	1950	1950/tv_com_1950_109.txt	tv_com_1950_109.txt
t000096	1950	1950/tv_com_1950_110.txt	tv_com_1950_110.txt
t000097	1950	1950/tv_com_1950_112.txt	tv_com_1950_112.txt
t000098	1950	1950/tv_com_1950_113.txt	tv_com_1950_113.txt
t000099	1950	1950/tv_com_1950_114.txt	tv_com_1950_114.txt
t000100	1950	1950/tv_com_1950_116.txt	tv_com_1950_116.txt
t000101	1950	1950/tv_com_1950_117.txt	tv_com_1950_117.txt
t000102	1950	1950/tv_com_1950_118.txt	tv_com_1950_118.txt
t000103	1950	1950/tv_com_1950_120.txt	tv_com_1950_120.txt
t000104	1960	1960/tv_com_1960_1.txt	tv_com_1960_1.txt
t000105	1960	1960/tv_com_1960_2.txt	tv_com_1960_2.txt
t000106	1960	1960/tv_com_1960_3.txt	tv_com_1960_3.txt
t000107	1960	1960/tv_com_1960_4.txt	tv_com_1960_4.txt
t000108	1960	1960/tv_com_1960_6.txt	tv_com_1960_6.txt
t000109	1960	1960/tv_com_1960_8.txt	tv_com_1960_8.txt
t000110	1960	1960/tv_com_1960_9.txt	tv_com_1960_9.txt
t000111	1960	1960/tv_com_1960_10.txt	tv_com_1960_10.txt
t000112	1960	1960/tv_com_1960_11.txt	tv_com_1960_11.txt
t000113	1960	1960/tv_com_1960_13.txt	tv_com_1960_13.txt
t000114	1960	1960/tv_com_1960_14.txt	tv_com_1960_14.txt
t000115	1960	1960/tv_com_1960_16.txt	tv_com_1960_16.txt
t000116	1960	1960/tv_com_1960_17.txt	tv_com_1960_17.txt
t000117	1960	1960/tv_com_1960_18.txt	tv_com_1960_18.txt
t000118	1960	1960/tv_com_1960_19.txt	tv_com_1960_19.txt
t000119	1960	1960/tv_com_1960_20.txt	tv_com_1960_20.txt
t000120	1960	1960/tv_com_1960_21.txt	tv_com_1960_21.txt
t000121	1960	1960/tv_com_1960_22.txt	tv_com_1960_22.txt
t000122	1960	1960/tv_com_1960_23.txt	tv_com_1960_23.txt
t000123	1960	1960/tv_com_1960_25.txt	tv_com_1960_25.txt
t000124	1960	1960/tv_com_1960_26.txt	tv_com_1960_26.txt
t000125	1960	1960/tv_com_1960_27.txt	tv_com_1960_27.txt
t000126	1960	1960/tv_com_1960_28.txt	tv_com_1960_28.txt
t000127	1960	1960/tv_com_1960_30.txt	tv_com_1960_30.txt
t000128	1960	1960/tv_com_1960_31.txt	tv_com_1960_31.txt
t000129	1960	1960/tv_com_1960_32.txt	tv_com_1960_32.txt
t000130	1960	1960/tv_com_1960_33.txt	tv_com_1960_33.txt
t000131	1960	1960/tv_com_1960_36.txt	tv_com_1960_36.txt
t000132	1960	1960/tv_com_1960_37.txt	tv_com_1960_37.txt
t000133	1960	1960/tv_com_1960_38.txt	tv_com_1960_38.txt
t000134	1960	1960/tv_com_1960_39.txt	tv_com_1960_39.txt
t000135	1960	1960/tv_com_1960_40.txt	tv_com_1960_40.txt
t000136	1960	1960/tv_com_1960_41.txt	tv_com_1960_41.txt
t000137	1960	1960/tv_com_1960_43.txt	tv_com_1960_43.txt
t000138	1960	1960/tv_com_1960_44.txt	tv_com_1960_44.txt
t000139	1960	1960/tv_com_1960_45.txt	tv_com_1960_45.txt
t000140	1960	1960/tv_com_1960_46.txt	tv_com_1960_46.txt
t000141	1960	1960/tv_com_1960_47.txt	tv_com_1960_47.txt
t000142	1960	1960/tv_com_1960_48.txt	tv_com_1960_48.txt
t000143	1960	1960/tv_com_1960_50.txt	tv_com_1960_50.txt
t000144	1960	1960/tv_com_1960_51.txt	tv_com_1960_51.txt
t000145	1960	1960/tv_com_1960_52.txt	tv_com_1960_52.txt
t000146	1960	1960/tv_com_1960_53.txt	tv_com_1960_53.txt
t000147	1960	1960/tv_com_1960_54.txt	tv_com_1960_54.txt
t000148	1960	1960/tv_com_1960_55.txt	tv_com_1960_55.txt
t000149	1960	1960/tv_com_1960_56.txt	tv_com_1960_56.txt
t000150	1960	1960/tv_com_1960_57.txt	tv_com_1960_57.txt
t000151	1960	1960/tv_com_1960_58.txt	tv_com_1960_58.txt
t000152	1960	1960/tv_com_1960_59.txt	tv_com_1960_59.txt
t000153	1960	1960/tv_com_1960_60.txt	tv_com_1960_60.txt
t000154	1960	1960/tv_com_1960_61.txt	tv_com_1960_61.txt
t000155	1960	1960/tv_com_1960_62.txt	tv_com_1960_62.txt
t000156	1960	1960/tv_com_1960_64.txt	tv_com_1960_64.txt
t000157	1960	1960/tv_com_1960_65.txt	tv_com_1960_65.txt
t000158	1960	1960/tv_com_1960_66.txt	tv_com_1960_66.txt
t000159	1960	1960/tv_com_1960_67.txt	tv_com_1960_67.txt
t000160	1960	1960/tv_com_1960_68.txt	tv_com_1960_68.txt
t000161	1960	1960/tv_com_1960_69.txt	tv_com_1960_69.txt
t000162	1960	1960/tv_com_1960_70.txt	tv_com_1960_70.txt
t000163	1960	1960/tv_com_1960_71.txt	tv_com_1960_71.txt
t000164	1960	1960/tv_com_1960_72.txt	tv_com_1960_72.txt
t000165	1960	1960/tv_com_1960_75.txt	tv_com_1960_75.txt
t000166	1960	1960/tv_com_1960_76.txt	tv_com_1960_76.txt
t000167	1960	1960/tv_com_1960_77.txt	tv_com_1960_77.txt
t000168	1960	1960/tv_com_1960_78.txt	tv_com_1960_78.txt
t000169	1960	1960/tv_com_1960_79.txt	tv_com_1960_79.txt
t000170	1960	1960/tv_com_1960_80.txt	tv_com_1960_80.txt
t000171	1960	1960/tv_com_1960_81.txt	tv_com_1960_81.txt
t000172	1960	1960/tv_com_1960_82.txt	tv_com_1960_82.txt
t000173	1960	1960/tv_com_1960_83.txt	tv_com_1960_83.txt
t000174	1960	1960/tv_com_1960_84.txt	tv_com_1960_84.txt
t000175	1960	1960/tv_com_1960_85.txt	tv_com_1960_85.txt
t000176	1960	1960/tv_com_1960_86.txt	tv_com_1960_86.txt
t000177	1960	1960/tv_com_1960_87.txt	tv_com_1960_87.txt
t000178	1960	1960/tv_com_1960_88.txt	tv_com_1960_88.txt
t000179	1960	1960/tv_com_1960_90.txt	tv_com_1960_90.txt
t000180	1960	1960/tv_com_1960_91.txt	tv_com_1960_91.txt
t000181	1960	1960/tv_com_1960_92.txt	tv_com_1960_92.txt
t000182	1960	1960/tv_com_1960_93.txt	tv_com_1960_93.txt
t000183	1960	1960/tv_com_1960_94.txt	tv_com_1960_94.txt
t000184	1960	1960/tv_com_1960_95.txt	tv_com_1960_95.txt
t000185	1960	1960/tv_com_1960_96.txt	tv_com_1960_96.txt
t000186	1960	1960/tv_com_1960_97.txt	tv_com_1960_97.txt
t000187	1960	1960/tv_com_1960_98.txt	tv_com_1960_98.txt
t000188	1960	1960/tv_com_1960_99.txt	tv_com_1960_99.txt
t000189	1960	1960/tv_com_1960_100.txt	tv_com_1960_100.txt
t000190	1960	1960/tv_com_1960_101.txt	tv_com_1960_101.txt
t000191	1960	1960/tv_com_1960_102.txt	tv_com_1960_102.txt
t000192	1960	1960/tv_com_1960_103.txt	tv_com_1960_103.txt
t000193	1960	1960/tv_com_1960_105.txt	tv_com_1960_105.txt
t000194	1960	1960/tv_com_1960_106.txt	tv_com_1960_106.txt
t000195	1960	1960/tv_com_1960_108.txt	tv_com_1960_108.txt
t000196	1960	1960/tv_com_1960_109.txt	tv_com_1960_109.txt
t000197	1960	1960/tv_com_1960_110.txt	tv_com_1960_110.txt
t000198	1960	1960/tv_com_1960_111.txt	tv_com_1960_111.txt
t000199	1960	1960/tv_com_1960_112.txt	tv_com_1960_112.txt
t000200	1960	1960/tv_com_1960_113.txt	tv_com_1960_113.txt
t000201	1960	1960/tv_com_1960_114.txt	tv_com_1960_114.txt
t000202	1960	1960/tv_com_1960_115.txt	tv_com_1960_115.txt
t000203	1960	1960/tv_com_1960_116.txt	tv_com_1960_116.txt
t000204	1960	1960/tv_com_1960_117.txt	tv_com_1960_117.txt
t000205	1960	1960/tv_com_1960_118.txt	tv_com_1960_118.txt
t000206	1960	1960/tv_com_1960_119.txt	tv_com_1960_119.txt
t000207	1970	1970/tv_com_1970_2.txt	tv_com_1970_2.txt
t000208	1970	1970/tv_com_1970_3.txt	tv_com_1970_3.txt
t000209	1970	1970/tv_com_1970_4.txt	tv_com_1970_4.txt
t000210	1970	1970/tv_com_1970_5.txt	tv_com_1970_5.txt
t000211	1970	1970/tv_com_1970_6.txt	tv_com_1970_6.txt
t000212	1970	1970/tv_com_1970_7.txt	tv_com_1970_7.txt
t000213	1970	1970/tv_com_1970_8.txt	tv_com_1970_8.txt
t000214	1970	1970/tv_com_1970_9.txt	tv_com_1970_9.txt
t000215	1970	1970/tv_com_1970_10.txt	tv_com_1970_10.txt
t000216	1970	1970/tv_com_1970_11.txt	tv_com_1970_11.txt
t000217	1970	1970/tv_com_1970_12.txt	tv_com_1970_12.txt
t000218	1970	1970/tv_com_1970_13.txt	tv_com_1970_13.txt
t000219	1970	1970/tv_com_1970_14.txt	tv_com_1970_14.txt
t000220	1970	1970/tv_com_1970_15.txt	tv_com_1970_15.txt
t000221	1970	1970/tv_com_1970_16.txt	tv_com_1970_16.txt
t000222	1970	1970/tv_com_1970_17.txt	tv_com_1970_17.txt
t000223	1970	1970/tv_com_1970_18.txt	tv_com_1970_18.txt
t000224	1970	1970/tv_com_1970_19.txt	tv_com_1970_19.txt
t000225	1970	1970/tv_com_1970_20.txt	tv_com_1970_20.txt
t000226	1970	1970/tv_com_1970_21.txt	tv_com_1970_21.txt
t000227	1970	1970/tv_com_1970_22.txt	tv_com_1970_22.txt
t000228	1970	1970/tv_com_1970_23.txt	tv_com_1970_23.txt
t000229	1970	1970/tv_com_1970_24.txt	tv_com_1970_24.txt
t000230	1970	1970/tv_com_1970_25.txt	tv_com_1970_25.txt
t000231	1970	1970/tv_com_1970_26.txt	tv_com_1970_26.txt
t000232	1970	1970/tv_com_1970_27.txt	tv_com_1970_27.txt
t000233	1970	1970/tv_com_1970_28.txt	tv_com_1970_28.txt
t000234	1970	1970/tv_com_1970_30.txt	tv_com_1970_30.txt
t000235	1970	1970/tv_com_1970_31.txt	tv_com_1970_31.txt
t000236	1970	1970/tv_com_1970_32.txt	tv_com_1970_32.txt
t000237	1970	1970/tv_com_1970_33.txt	tv_com_1970_33.txt
t000238	1970	1970/tv_com_1970_34.txt	tv_com_1970_34.txt
t000239	1970	1970/tv_com_1970_35.txt	tv_com_1970_35.txt
t000240	1970	1970/tv_com_1970_36.txt	tv_com_1970_36.txt
t000241	1970	1970/tv_com_1970_37.txt	tv_com_1970_37.txt
t000242	1970	1970/tv_com_1970_38.txt	tv_com_1970_38.txt
t000243	1970	1970/tv_com_1970_39.txt	tv_com_1970_39.txt
t000244	1970	1970/tv_com_1970_41.txt	tv_com_1970_41.txt
t000245	1970	1970/tv_com_1970_42.txt	tv_com_1970_42.txt
t000246	1970	1970/tv_com_1970_43.txt	tv_com_1970_43.txt
t000247	1970	1970/tv_com_1970_44.txt	tv_com_1970_44.txt
t000248	1970	1970/tv_com_1970_45.txt	tv_com_1970_45.txt
t000249	1970	1970/tv_com_1970_46.txt	tv_com_1970_46.txt
t000250	1970	1970/tv_com_1970_47.txt	tv_com_1970_47.txt
t000251	1970	1970/tv_com_1970_48.txt	tv_com_1970_48.txt
t000252	1970	1970/tv_com_1970_49.txt	tv_com_1970_49.txt
t000253	1970	1970/tv_com_1970_50.txt	tv_com_1970_50.txt
t000254	1970	1970/tv_com_1970_51.txt	tv_com_1970_51.txt
t000255	1970	1970/tv_com_1970_52.txt	tv_com_1970_52.txt
t000256	1970	1970/tv_com_1970_53.txt	tv_com_1970_53.txt
t000257	1970	1970/tv_com_1970_54.txt	tv_com_1970_54.txt
t000258	1970	1970/tv_com_1970_55.txt	tv_com_1970_55.txt
t000259	1970	1970/tv_com_1970_56.txt	tv_com_1970_56.txt
t000260	1970	1970/tv_com_1970_57.txt	tv_com_1970_57.txt
t000261	1970	1970/tv_com_1970_58.txt	tv_com_1970_58.txt
t000262	1970	1970/tv_com_1970_59.txt	tv_com_1970_59.txt
t000263	1970	1970/tv_com_1970_60.txt	tv_com_1970_60.txt
t000264	1970	1970/tv_com_1970_62.txt	tv_com_1970_62.txt
t000265	1970	1970/tv_com_1970_63.txt	tv_com_1970_63.txt
t000266	1970	1970/tv_com_1970_64.txt	tv_com_1970_64.txt
t000267	1970	1970/tv_com_1970_65.txt	tv_com_1970_65.txt
t000268	1970	1970/tv_com_1970_66.txt	tv_com_1970_66.txt
t000269	1970	1970/tv_com_1970_67.txt	tv_com_1970_67.txt
t000270	1970	1970/tv_com_1970_68.txt	tv_com_1970_68.txt
t000271	1970	1970/tv_com_1970_69.txt	tv_com_1970_69.txt
t000272	1970	1970/tv_com_1970_70.txt	tv_com_1970_70.txt
t000273	1970	1970/tv_com_1970_71.txt	tv_com_1970_71.txt
t000274	1970	1970/tv_com_1970_72.txt	tv_com_1970_72.txt
t000275	1970	1970/tv_com_1970_73.txt	tv_com_1970_73.txt
t000276	1970	1970/tv_com_1970_74.txt	tv_com_1970_74.txt
t000277	1970	1970/tv_com_1970_75.txt	tv_com_1970_75.txt
t000278	1970	1970/tv_com_1970_76.txt	tv_com_1970_76.txt
t000279	1970	1970/tv_com_1970_77.txt	tv_com_1970_77.txt
t000280	1970	1970/tv_com_1970_78.txt	tv_com_1970_78.txt
t000281	1970	1970/tv_com_1970_79.txt	tv_com_1970_79.txt
t000282	1970	1970/tv_com_1970_80.txt	tv_com_1970_80.txt
t000283	1970	1970/tv_com_1970_81.txt	tv_com_1970_81.txt
t000284	1970	1970/tv_com_1970_83.txt	tv_com_1970_83.txt
t000285	1970	1970/tv_com_1970_84.txt	tv_com_1970_84.txt
t000286	1970	1970/tv_com_1970_85.txt	tv_com_1970_85.txt
t000287	1970	1970/tv_com_1970_86.txt	tv_com_1970_86.txt
t000288	1970	1970/tv_com_1970_87.txt	tv_com_1970_87.txt
t000289	1970	1970/tv_com_1970_88.txt	tv_com_1970_88.txt
t000290	1970	1970/tv_com_1970_90.txt	tv_com_1970_90.txt
t000291	1970	1970/tv_com_1970_92.txt	tv_com_1970_92.txt
t000292	1970	1970/tv_com_1970_93.txt	tv_com_1970_93.txt
t000293	1970	1970/tv_com_1970_94.txt	tv_com_1970_94.txt
t000294	1970	1970/tv_com_1970_95.txt	tv_com_1970_95.txt
t000295	1970	1970/tv_com_1970_96.txt	tv_com_1970_96.txt
t000296	1970	1970/tv_com_1970_97.txt	tv_com_1970_97.txt
t000297	1970	1970/tv_com_1970_98.txt	tv_com_1970_98.txt
t000298	1970	1970/tv_com_1970_99.txt	tv_com_1970_99.txt
t000299	1970	1970/tv_com_1970_104.txt	tv_com_1970_104.txt
t000300	1970	1970/tv_com_1970_108.txt	tv_com_1970_108.txt
t000301	1970	1970/tv_com_1970_109.txt	tv_com_1970_109.txt
t000302	1970	1970/tv_com_1970_113.txt	tv_com_1970_113.txt
t000303	1970	1970/tv_com_1970_114.txt	tv_com_1970_114.txt
t000304	1970	1970/tv_com_1970_115.txt	tv_com_1970_115.txt
t000305	1970	1970/tv_com_1970_116.txt	tv_com_1970_116.txt
t000306	1970	1970/tv_com_1970_117.txt	tv_com_1970_117.txt
t000307	1970	1970/tv_com_1970_118.txt	tv_com_1970_118.txt
t000308	1970	1970/tv_com_1970_119.txt	tv_com_1970_119.txt
t000309	1970	1970/tv_com_1970_120.txt	tv_com_1970_120.txt
t000310	1980	1980/tv_com_1980_1.txt	tv_com_1980_1.txt
t000311	1980	1980/tv_com_1980_2.txt	tv_com_1980_2.txt
t000312	1980	1980/tv_com_1980_3.txt	tv_com_1980_3.txt
t000313	1980	1980/tv_com_1980_4.txt	tv_com_1980_4.txt
t000314	1980	1980/tv_com_1980_5.txt	tv_com_1980_5.txt
t000315	1980	1980/tv_com_1980_6.txt	tv_com_1980_6.txt
t000316	1980	1980/tv_com_1980_7.txt	tv_com_1980_7.txt
t000317	1980	1980/tv_com_1980_8.txt	tv_com_1980_8.txt
t000318	1980	1980/tv_com_1980_9.txt	tv_com_1980_9.txt
t000319	1980	1980/tv_com_1980_10.txt	tv_com_1980_10.txt
t000320	1980	1980/tv_com_1980_11.txt	tv_com_1980_11.txt
t000321	1980	1980/tv_com_1980_12.txt	tv_com_1980_12.txt
t000322	1980	1980/tv_com_1980_13.txt	tv_com_1980_13.txt
t000323	1980	1980/tv_com_1980_14.txt	tv_com_1980_14.txt
t000324	1980	1980/tv_com_1980_15.txt	tv_com_1980_15.txt
t000325	1980	1980/tv_com_1980_16.txt	tv_com_1980_16.txt
t000326	1980	1980/tv_com_1980_17.txt	tv_com_1980_17.txt
t000327	1980	1980/tv_com_1980_18.txt	tv_com_1980_18.txt
t000328	1980	1980/tv_com_1980_19.txt	tv_com_1980_19.txt
t000329	1980	1980/tv_com_1980_22.txt	tv_com_1980_22.txt
t000330	1980	1980/tv_com_1980_23.txt	tv_com_1980_23.txt
t000331	1980	1980/tv_com_1980_24.txt	tv_com_1980_24.txt
t000332	1980	1980/tv_com_1980_25.txt	tv_com_1980_25.txt
t000333	1980	1980/tv_com_1980_26.txt	tv_com_1980_26.txt
t000334	1980	1980/tv_com_1980_27.txt	tv_com_1980_27.txt
t000335	1980	1980/tv_com_1980_28.txt	tv_com_1980_28.txt
t000336	1980	1980/tv_com_1980_29.txt	tv_com_1980_29.txt
t000337	1980	1980/tv_com_1980_30.txt	tv_com_1980_30.txt
t000338	1980	1980/tv_com_1980_31.txt	tv_com_1980_31.txt
t000339	1980	1980/tv_com_1980_33.txt	tv_com_1980_33.txt
t000340	1980	1980/tv_com_1980_34.txt	tv_com_1980_34.txt
t000341	1980	1980/tv_com_1980_35.txt	tv_com_1980_35.txt
t000342	1980	1980/tv_com_1980_36.txt	tv_com_1980_36.txt
t000343	1980	1980/tv_com_1980_38.txt	tv_com_1980_38.txt
t000344	1980	1980/tv_com_1980_39.txt	tv_com_1980_39.txt
t000345	1980	1980/tv_com_1980_40.txt	tv_com_1980_40.txt
t000346	1980	1980/tv_com_1980_41.txt	tv_com_1980_41.txt
t000347	1980	1980/tv_com_1980_43.txt	tv_com_1980_43.txt
t000348	1980	1980/tv_com_1980_44.txt	tv_com_1980_44.txt
t000349	1980	1980/tv_com_1980_45.txt	tv_com_1980_45.txt
t000350	1980	1980/tv_com_1980_46.txt	tv_com_1980_46.txt
t000351	1980	1980/tv_com_1980_48.txt	tv_com_1980_48.txt
t000352	1980	1980/tv_com_1980_49.txt	tv_com_1980_49.txt
t000353	1980	1980/tv_com_1980_50.txt	tv_com_1980_50.txt
t000354	1980	1980/tv_com_1980_51.txt	tv_com_1980_51.txt
t000355	1980	1980/tv_com_1980_52.txt	tv_com_1980_52.txt
t000356	1980	1980/tv_com_1980_53.txt	tv_com_1980_53.txt
t000357	1980	1980/tv_com_1980_54.txt	tv_com_1980_54.txt
t000358	1980	1980/tv_com_1980_55.txt	tv_com_1980_55.txt
t000359	1980	1980/tv_com_1980_56.txt	tv_com_1980_56.txt
t000360	1980	1980/tv_com_1980_58.txt	tv_com_1980_58.txt
t000361	1980	1980/tv_com_1980_59.txt	tv_com_1980_59.txt
t000362	1980	1980/tv_com_1980_63.txt	tv_com_1980_63.txt
t000363	1980	1980/tv_com_1980_64.txt	tv_com_1980_64.txt
t000364	1980	1980/tv_com_1980_65.txt	tv_com_1980_65.txt
t000365	1980	1980/tv_com_1980_66.txt	tv_com_1980_66.txt
t000366	1980	1980/tv_com_1980_67.txt	tv_com_1980_67.txt
t000367	1980	1980/tv_com_1980_68.txt	tv_com_1980_68.txt
t000368	1980	1980/tv_com_1980_70.txt	tv_com_1980_70.txt
t000369	1980	1980/tv_com_1980_71.txt	tv_com_1980_71.txt
t000370	1980	1980/tv_com_1980_72.txt	tv_com_1980_72.txt
t000371	1980	1980/tv_com_1980_73.txt	tv_com_1980_73.txt
t000372	1980	1980/tv_com_1980_74.txt	tv_com_1980_74.txt
t000373	1980	1980/tv_com_1980_75.txt	tv_com_1980_75.txt
t000374	1980	1980/tv_com_1980_76.txt	tv_com_1980_76.txt
t000375	1980	1980/tv_com_1980_77.txt	tv_com_1980_77.txt
t000376	1980	1980/tv_com_1980_78.txt	tv_com_1980_78.txt
t000377	1980	1980/tv_com_1980_79.txt	tv_com_1980_79.txt
t000378	1980	1980/tv_com_1980_80.txt	tv_com_1980_80.txt
t000379	1980	1980/tv_com_1980_81.txt	tv_com_1980_81.txt
t000380	1980	1980/tv_com_1980_82.txt	tv_com_1980_82.txt
t000381	1980	1980/tv_com_1980_84.txt	tv_com_1980_84.txt
t000382	1980	1980/tv_com_1980_85.txt	tv_com_1980_85.txt
t000383	1980	1980/tv_com_1980_86.txt	tv_com_1980_86.txt
t000384	1980	1980/tv_com_1980_87.txt	tv_com_1980_87.txt
t000385	1980	1980/tv_com_1980_89.txt	tv_com_1980_89.txt
t000386	1980	1980/tv_com_1980_90.txt	tv_com_1980_90.txt
t000387	1980	1980/tv_com_1980_91.txt	tv_com_1980_91.txt
t000388	1980	1980/tv_com_1980_92.txt	tv_com_1980_92.txt
t000389	1980	1980/tv_com_1980_93.txt	tv_com_1980_93.txt
t000390	1980	1980/tv_com_1980_94.txt	tv_com_1980_94.txt
t000391	1980	1980/tv_com_1980_95.txt	tv_com_1980_95.txt
t000392	1980	1980/tv_com_1980_96.txt	tv_com_1980_96.txt
t000393	1980	1980/tv_com_1980_97.txt	tv_com_1980_97.txt
t000394	1980	1980/tv_com_1980_98.txt	tv_com_1980_98.txt
t000395	1980	1980/tv_com_1980_99.txt	tv_com_1980_99.txt
t000396	1980	1980/tv_com_1980_100.txt	tv_com_1980_100.txt
t000397	1980	1980/tv_com_1980_101.txt	tv_com_1980_101.txt
t000398	1980	1980/tv_com_1980_102.txt	tv_com_1980_102.txt
t000399	1980	1980/tv_com_1980_103.txt	tv_com_1980_103.txt
t000400	1980	1980/tv_com_1980_104.txt	tv_com_1980_104.txt
t000401	1980	1980/tv_com_1980_105.txt	tv_com_1980_105.txt
t000402	1980	1980/tv_com_1980_106.txt	tv_com_1980_106.txt
t000403	1980	1980/tv_com_1980_107.txt	tv_com_1980_107.txt
t000404	1980	1980/tv_com_1980_108.txt	tv_com_1980_108.txt
t000405	1980	1980/tv_com_1980_109.txt	tv_com_1980_109.txt
t000406	1980	1980/tv_com_1980_110.txt	tv_com_1980_110.txt
t000407	1980	1980/tv_com_1980_111.txt	tv_com_1980_111.txt
t000408	1980	1980/tv_com_1980_112.txt	tv_com_1980_112.txt
t000409	1980	1980/tv_com_1980_114.txt	tv_com_1980_114.txt
t000410	1980	1980/tv_com_1980_115.txt	tv_com_1980_115.txt
t000411	1980	1980/tv_com_1980_116.txt	tv_com_1980_116.txt
t000412	1980	1980/tv_com_1980_118.txt	tv_com_1980_118.txt
t000413	1990	1990/tv_com_1990_1.txt	tv_com_1990_1.txt
t000414	1990	1990/tv_com_1990_2.txt	tv_com_1990_2.txt
t000415	1990	1990/tv_com_1990_3.txt	tv_com_1990_3.txt
t000416	1990	1990/tv_com_1990_4.txt	tv_com_1990_4.txt
t000417	1990	1990/tv_com_1990_5.txt	tv_com_1990_5.txt
t000418	1990	1990/tv_com_1990_6.txt	tv_com_1990_6.txt
t000419	1990	1990/tv_com_1990_7.txt	tv_com_1990_7.txt
t000420	1990	1990/tv_com_1990_8.txt	tv_com_1990_8.txt
t000421	1990	1990/tv_com_1990_10.txt	tv_com_1990_10.txt
t000422	1990	1990/tv_com_1990_11.txt	tv_com_1990_11.txt
t000423	1990	1990/tv_com_1990_12.txt	tv_com_1990_12.txt
t000424	1990	1990/tv_com_1990_13.txt	tv_com_1990_13.txt
t000425	1990	1990/tv_com_1990_14.txt	tv_com_1990_14.txt
t000426	1990	1990/tv_com_1990_15.txt	tv_com_1990_15.txt
t000427	1990	1990/tv_com_1990_16.txt	tv_com_1990_16.txt
t000428	1990	1990/tv_com_1990_17.txt	tv_com_1990_17.txt
t000429	1990	1990/tv_com_1990_19.txt	tv_com_1990_19.txt
t000430	1990	1990/tv_com_1990_21.txt	tv_com_1990_21.txt
t000431	1990	1990/tv_com_1990_22.txt	tv_com_1990_22.txt
t000432	1990	1990/tv_com_1990_23.txt	tv_com_1990_23.txt
t000433	1990	1990/tv_com_1990_24.txt	tv_com_1990_24.txt
t000434	1990	1990/tv_com_1990_25.txt	tv_com_1990_25.txt
t000435	1990	1990/tv_com_1990_26.txt	tv_com_1990_26.txt
t000436	1990	1990/tv_com_1990_30.txt	tv_com_1990_30.txt
t000437	1990	1990/tv_com_1990_31.txt	tv_com_1990_31.txt
t000438	1990	1990/tv_com_1990_32.txt	tv_com_1990_32.txt
t000439	1990	1990/tv_com_1990_34.txt	tv_com_1990_34.txt
t000440	1990	1990/tv_com_1990_35.txt	tv_com_1990_35.txt
t000441	1990	1990/tv_com_1990_36.txt	tv_com_1990_36.txt
t000442	1990	1990/tv_com_1990_37.txt	tv_com_1990_37.txt
t000443	1990	1990/tv_com_1990_38.txt	tv_com_1990_38.txt
t000444	1990	1990/tv_com_1990_40.txt	tv_com_1990_40.txt
t000445	1990	1990/tv_com_1990_42.txt	tv_com_1990_42.txt
t000446	1990	1990/tv_com_1990_43.txt	tv_com_1990_43.txt
t000447	1990	1990/tv_com_1990_44.txt	tv_com_1990_44.txt
t000448	1990	1990/tv_com_1990_45.txt	tv_com_1990_45.txt
t000449	1990	1990/tv_com_1990_46.txt	tv_com_1990_46.txt
t000450	1990	1990/tv_com_1990_47.txt	tv_com_1990_47.txt
t000451	1990	1990/tv_com_1990_48.txt	tv_com_1990_48.txt
t000452	1990	1990/tv_com_1990_49.txt	tv_com_1990_49.txt
t000453	1990	1990/tv_com_1990_50.txt	tv_com_1990_50.txt
t000454	1990	1990/tv_com_1990_51.txt	tv_com_1990_51.txt
t000455	1990	1990/tv_com_1990_52.txt	tv_com_1990_52.txt
t000456	1990	1990/tv_com_1990_53.txt	tv_com_1990_53.txt
t000457	1990	1990/tv_com_1990_54.txt	tv_com_1990_54.txt
t000458	1990	1990/tv_com_1990_55.txt	tv_com_1990_55.txt
t000459	1990	1990/tv_com_1990_56.txt	tv_com_1990_56.txt
t000460	1990	1990/tv_com_1990_57.txt	tv_com_1990_57.txt
t000461	1990	1990/tv_com_1990_58.txt	tv_com_1990_58.txt
t000462	1990	1990/tv_com_1990_59.txt	tv_com_1990_59.txt
t000463	1990	1990/tv_com_1990_60.txt	tv_com_1990_60.txt
t000464	1990	1990/tv_com_1990_61.txt	tv_com_1990_61.txt
t000465	1990	1990/tv_com_1990_63.txt	tv_com_1990_63.txt
t000466	1990	1990/tv_com_1990_64.txt	tv_com_1990_64.txt
t000467	1990	1990/tv_com_1990_67.txt	tv_com_1990_67.txt
t000468	1990	1990/tv_com_1990_68.txt	tv_com_1990_68.txt
t000469	1990	1990/tv_com_1990_69.txt	tv_com_1990_69.txt
t000470	1990	1990/tv_com_1990_70.txt	tv_com_1990_70.txt
t000471	1990	1990/tv_com_1990_72.txt	tv_com_1990_72.txt
t000472	1990	1990/tv_com_1990_73.txt	tv_com_1990_73.txt
t000473	1990	1990/tv_com_1990_74.txt	tv_com_1990_74.txt
t000474	1990	1990/tv_com_1990_75.txt	tv_com_1990_75.txt
t000475	1990	1990/tv_com_1990_76.txt	tv_com_1990_76.txt
t000476	1990	1990/tv_com_1990_77.txt	tv_com_1990_77.txt
t000477	1990	1990/tv_com_1990_78.txt	tv_com_1990_78.txt
t000478	1990	1990/tv_com_1990_79.txt	tv_com_1990_79.txt
t000479	1990	1990/tv_com_1990_80.txt	tv_com_1990_80.txt
t000480	1990	1990/tv_com_1990_81.txt	tv_com_1990_81.txt
t000481	1990	1990/tv_com_1990_82.txt	tv_com_1990_82.txt
t000482	1990	1990/tv_com_1990_83.txt	tv_com_1990_83.txt
t000483	1990	1990/tv_com_1990_84.txt	tv_com_1990_84.txt
t000484	1990	1990/tv_com_1990_85.txt	tv_com_1990_85.txt
t000485	1990	1990/tv_com_1990_86.txt	tv_com_1990_86.txt
t000486	1990	1990/tv_com_1990_87.txt	tv_com_1990_87.txt
t000487	1990	1990/tv_com_1990_88.txt	tv_com_1990_88.txt
t000488	1990	1990/tv_com_1990_89.txt	tv_com_1990_89.txt
t000489	1990	1990/tv_com_1990_90.txt	tv_com_1990_90.txt
t000490	1990	1990/tv_com_1990_91.txt	tv_com_1990_91.txt
t000491	1990	1990/tv_com_1990_92.txt	tv_com_1990_92.txt
t000492	1990	1990/tv_com_1990_93.txt	tv_com_1990_93.txt
t000493	1990	1990/tv_com_1990_95.txt	tv_com_1990_95.txt
t000494	1990	1990/tv_com_1990_96.txt	tv_com_1990_96.txt
t000495	1990	1990/tv_com_1990_97.txt	tv_com_1990_97.txt
t000496	1990	1990/tv_com_1990_98.txt	tv_com_1990_98.txt
t000497	1990	1990/tv_com_1990_100.txt	tv_com_1990_100.txt
t000498	1990	1990/tv_com_1990_102.txt	tv_com_1990_102.txt
t000499	1990	1990/tv_com_1990_103.txt	tv_com_1990_103.txt
t000500	1990	1990/tv_com_1990_104.txt	tv_com_1990_104.txt
t000501	1990	1990/tv_com_1990_105.txt	tv_com_1990_105.txt
t000502	1990	1990/tv_com_1990_106.txt	tv_com_1990_106.txt
t000503	1990	1990/tv_com_1990_107.txt	tv_com_1990_107.txt
t000504	1990	1990/tv_com_1990_108.txt	tv_com_1990_108.txt
t000505	1990	1990/tv_com_1990_109.txt	tv_com_1990_109.txt
t000506	1990	1990/tv_com_1990_111.txt	tv_com_1990_111.txt
t000507	1990	1990/tv_com_1990_112.txt	tv_com_1990_112.txt
t000508	1990	1990/tv_com_1990_113.txt	tv_com_1990_113.txt
t000509	1990	1990/tv_com_1990_114.txt	tv_com_1990_114.txt
t000510	1990	1990/tv_com_1990_115.txt	tv_com_1990_115.txt
t000511	1990	1990/tv_com_1990_116.txt	tv_com_1990_116.txt
t000512	1990	1990/tv_com_1990_117.txt	tv_com_1990_117.txt
t000513	1990	1990/tv_com_1990_118.txt	tv_com_1990_118.txt
t000514	1990	1990/tv_com_1990_119.txt	tv_com_1990_119.txt
t000515	1990	1990/tv_com_1990_120.txt	tv_com_1990_120.txt
t000516	2000	2000/tv_com_2000_1.txt	tv_com_2000_1.txt
t000517	2000	2000/tv_com_2000_2.txt	tv_com_2000_2.txt
t000518	2000	2000/tv_com_2000_4.txt	tv_com_2000_4.txt
t000519	2000	2000/tv_com_2000_5.txt	tv_com_2000_5.txt
t000520	2000	2000/tv_com_2000_6.txt	tv_com_2000_6.txt
t000521	2000	2000/tv_com_2000_7.txt	tv_com_2000_7.txt
t000522	2000	2000/tv_com_2000_8.txt	tv_com_2000_8.txt
t000523	2000	2000/tv_com_2000_9.txt	tv_com_2000_9.txt
t000524	2000	2000/tv_com_2000_10.txt	tv_com_2000_10.txt
t000525	2000	2000/tv_com_2000_11.txt	tv_com_2000_11.txt
t000526	2000	2000/tv_com_2000_12.txt	tv_com_2000_12.txt
t000527	2000	2000/tv_com_2000_13.txt	tv_com_2000_13.txt
t000528	2000	2000/tv_com_2000_15.txt	tv_com_2000_15.txt
t000529	2000	2000/tv_com_2000_16.txt	tv_com_2000_16.txt
t000530	2000	2000/tv_com_2000_17.txt	tv_com_2000_17.txt
t000531	2000	2000/tv_com_2000_18.txt	tv_com_2000_18.txt
t000532	2000	2000/tv_com_2000_19.txt	tv_com_2000_19.txt
t000533	2000	2000/tv_com_2000_21.txt	tv_com_2000_21.txt
t000534	2000	2000/tv_com_2000_22.txt	tv_com_2000_22.txt
t000535	2000	2000/tv_com_2000_23.txt	tv_com_2000_23.txt
t000536	2000	2000/tv_com_2000_24.txt	tv_com_2000_24.txt
t000537	2000	2000/tv_com_2000_25.txt	tv_com_2000_25.txt
t000538	2000	2000/tv_com_2000_26.txt	tv_com_2000_26.txt
t000539	2000	2000/tv_com_2000_28.txt	tv_com_2000_28.txt
t000540	2000	2000/tv_com_2000_30.txt	tv_com_2000_30.txt
t000541	2000	2000/tv_com_2000_31.txt	tv_com_2000_31.txt
t000542	2000	2000/tv_com_2000_32.txt	tv_com_2000_32.txt
t000543	2000	2000/tv_com_2000_33.txt	tv_com_2000_33.txt
t000544	2000	2000/tv_com_2000_34.txt	tv_com_2000_34.txt
t000545	2000	2000/tv_com_2000_35.txt	tv_com_2000_35.txt
t000546	2000	2000/tv_com_2000_36.txt	tv_com_2000_36.txt
t000547	2000	2000/tv_com_2000_37.txt	tv_com_2000_37.txt
t000548	2000	2000/tv_com_2000_39.txt	tv_com_2000_39.txt
t000549	2000	2000/tv_com_2000_40.txt	tv_com_2000_40.txt
t000550	2000	2000/tv_com_2000_41.txt	tv_com_2000_41.txt
t000551	2000	2000/tv_com_2000_42.txt	tv_com_2000_42.txt
t000552	2000	2000/tv_com_2000_43.txt	tv_com_2000_43.txt
t000553	2000	2000/tv_com_2000_45.txt	tv_com_2000_45.txt
t000554	2000	2000/tv_com_2000_46.txt	tv_com_2000_46.txt
t000555	2000	2000/tv_com_2000_47.txt	tv_com_2000_47.txt
t000556	2000	2000/tv_com_2000_48.txt	tv_com_2000_48.txt
t000557	2000	2000/tv_com_2000_49.txt	tv_com_2000_49.txt
t000558	2000	2000/tv_com_2000_50.txt	tv_com_2000_50.txt
t000559	2000	2000/tv_com_2000_51.txt	tv_com_2000_51.txt
t000560	2000	2000/tv_com_2000_52.txt	tv_com_2000_52.txt
t000561	2000	2000/tv_com_2000_54.txt	tv_com_2000_54.txt
t000562	2000	2000/tv_com_2000_55.txt	tv_com_2000_55.txt
t000563	2000	2000/tv_com_2000_56.txt	tv_com_2000_56.txt
t000564	2000	2000/tv_com_2000_57.txt	tv_com_2000_57.txt
t000565	2000	2000/tv_com_2000_58.txt	tv_com_2000_58.txt
t000566	2000	2000/tv_com_2000_59.txt	tv_com_2000_59.txt
t000567	2000	2000/tv_com_2000_60.txt	tv_com_2000_60.txt
t000568	2000	2000/tv_com_2000_61.txt	tv_com_2000_61.txt
t000569	2000	2000/tv_com_2000_62.txt	tv_com_2000_62.txt
t000570	2000	2000/tv_com_2000_63.txt	tv_com_2000_63.txt
t000571	2000	2000/tv_com_2000_64.txt	tv_com_2000_64.txt
t000572	2000	2000/tv_com_2000_65.txt	tv_com_2000_65.txt
t000573	2000	2000/tv_com_2000_66.txt	tv_com_2000_66.txt
t000574	2000	2000/tv_com_2000_67.txt	tv_com_2000_67.txt
t000575	2000	2000/tv_com_2000_68.txt	tv_com_2000_68.txt
t000576	2000	2000/tv_com_2000_69.txt	tv_com_2000_69.txt
t000577	2000	2000/tv_com_2000_70.txt	tv_com_2000_70.txt
t000578	2000	2000/tv_com_2000_72.txt	tv_com_2000_72.txt
t000579	2000	2000/tv_com_2000_74.txt	tv_com_2000_74.txt
t000580	2000	2000/tv_com_2000_75.txt	tv_com_2000_75.txt
t000581	2000	2000/tv_com_2000_76.txt	tv_com_2000_76.txt
t000582	2000	2000/tv_com_2000_77.txt	tv_com_2000_77.txt
t000583	2000	2000/tv_com_2000_79.txt	tv_com_2000_79.txt
t000584	2000	2000/tv_com_2000_80.txt	tv_com_2000_80.txt
t000585	2000	2000/tv_com_2000_81.txt	tv_com_2000_81.txt
t000586	2000	2000/tv_com_2000_82.txt	tv_com_2000_82.txt
t000587	2000	2000/tv_com_2000_84.txt	tv_com_2000_84.txt
t000588	2000	2000/tv_com_2000_85.txt	tv_com_2000_85.txt
t000589	2000	2000/tv_com_2000_86.txt	tv_com_2000_86.txt
t000590	2000	2000/tv_com_2000_87.txt	tv_com_2000_87.txt
t000591	2000	2000/tv_com_2000_88.txt	tv_com_2000_88.txt
t000592	2000	2000/tv_com_2000_89.txt	tv_com_2000_89.txt
t000593	2000	2000/tv_com_2000_90.txt	tv_com_2000_90.txt
t000594	2000	2000/tv_com_2000_91.txt	tv_com_2000_91.txt
t000595	2000	2000/tv_com_2000_92.txt	tv_com_2000_92.txt
t000596	2000	2000/tv_com_2000_93.txt	tv_com_2000_93.txt
t000597	2000	2000/tv_com_2000_94.txt	tv_com_2000_94.txt
t000598	2000	2000/tv_com_2000_95.txt	tv_com_2000_95.txt
t000599	2000	2000/tv_com_2000_96.txt	tv_com_2000_96.txt
t000600	2000	2000/tv_com_2000_97.txt	tv_com_2000_97.txt
t000601	2000	2000/tv_com_2000_98.txt	tv_com_2000_98.txt
t000602	2000	2000/tv_com_2000_99.txt	tv_com_2000_99.txt
t000603	2000	2000/tv_com_2000_100.txt	tv_com_2000_100.txt
t000604	2000	2000/tv_com_2000_101.txt	tv_com_2000_101.txt
t000605	2000	2000/tv_com_2000_102.txt	tv_com_2000_102.txt
t000606	2000	2000/tv_com_2000_103.txt	tv_com_2000_103.txt
t000607	2000	2000/tv_com_2000_105.txt	tv_com_2000_105.txt
t000608	2000	2000/tv_com_2000_106.txt	tv_com_2000_106.txt
t000609	2000	2000/tv_com_2000_107.txt	tv_com_2000_107.txt
t000610	2000	2000/tv_com_2000_108.txt	tv_com_2000_108.txt
t000611	2000	2000/tv_com_2000_109.txt	tv_com_2000_109.txt
t000612	2000	2000/tv_com_2000_112.txt	tv_com_2000_112.txt
t000613	2000	2000/tv_com_2000_113.txt	tv_com_2000_113.txt
t000614	2000	2000/tv_com_2000_115.txt	tv_com_2000_115.txt
t000615	2000	2000/tv_com_2000_116.txt	tv_com_2000_116.txt
t000616	2000	2000/tv_com_2000_118.txt	tv_com_2000_118.txt
t000617	2000	2000/tv_com_2000_119.txt	tv_com_2000_119.txt
t000618	2000	2000/tv_com_2000_120.txt	tv_com_2000_120.txt
t000619	2010	2010/tv_com_2010_2.txt	tv_com_2010_2.txt
t000620	2010	2010/tv_com_2010_3.txt	tv_com_2010_3.txt
t000621	2010	2010/tv_com_2010_4.txt	tv_com_2010_4.txt
t000622	2010	2010/tv_com_2010_5.txt	tv_com_2010_5.txt
t000623	2010	2010/tv_com_2010_6.txt	tv_com_2010_6.txt
t000624	2010	2010/tv_com_2010_8.txt	tv_com_2010_8.txt
t000625	2010	2010/tv_com_2010_9.txt	tv_com_2010_9.txt
t000626	2010	2010/tv_com_2010_10.txt	tv_com_2010_10.txt
t000627	2010	2010/tv_com_2010_11.txt	tv_com_2010_11.txt
t000628	2010	2010/tv_com_2010_13.txt	tv_com_2010_13.txt
t000629	2010	2010/tv_com_2010_14.txt	tv_com_2010_14.txt
t000630	2010	2010/tv_com_2010_15.txt	tv_com_2010_15.txt
t000631	2010	2010/tv_com_2010_16.txt	tv_com_2010_16.txt
t000632	2010	2010/tv_com_2010_17.txt	tv_com_2010_17.txt
t000633	2010	2010/tv_com_2010_18.txt	tv_com_2010_18.txt
t000634	2010	2010/tv_com_2010_19.txt	tv_com_2010_19.txt
t000635	2010	2010/tv_com_2010_20.txt	tv_com_2010_20.txt
t000636	2010	2010/tv_com_2010_22.txt	tv_com_2010_22.txt
t000637	2010	2010/tv_com_2010_23.txt	tv_com_2010_23.txt
t000638	2010	2010/tv_com_2010_24.txt	tv_com_2010_24.txt
t000639	2010	2010/tv_com_2010_25.txt	tv_com_2010_25.txt
t000640	2010	2010/tv_com_2010_26.txt	tv_com_2010_26.txt
t000641	2010	2010/tv_com_2010_27.txt	tv_com_2010_27.txt
t000642	2010	2010/tv_com_2010_29.txt	tv_com_2010_29.txt
t000643	2010	2010/tv_com_2010_30.txt	tv_com_2010_30.txt
t000644	2010	2010/tv_com_2010_31.txt	tv_com_2010_31.txt
t000645	2010	2010/tv_com_2010_32.txt	tv_com_2010_32.txt
t000646	2010	2010/tv_com_2010_35.txt	tv_com_2010_35.txt
t000647	2010	2010/tv_com_2010_36.txt	tv_com_2010_36.txt
t000648	2010	2010/tv_com_2010_37.txt	tv_com_2010_37.txt
t000649	2010	2010/tv_com_2010_38.txt	tv_com_2010_38.txt
t000650	2010	2010/tv_com_2010_39.txt	tv_com_2010_39.txt
t000651	2010	2010/tv_com_2010_40.txt	tv_com_2010_40.txt
t000652	2010	2010/tv_com_2010_41.txt	tv_com_2010_41.txt
t000653	2010	2010/tv_com_2010_42.txt	tv_com_2010_42.txt
t000654	2010	2010/tv_com_2010_43.txt	tv_com_2010_43.txt
t000655	2010	2010/tv_com_2010_45.txt	tv_com_2010_45.txt
t000656	2010	2010/tv_com_2010_47.txt	tv_com_2010_47.txt
t000657	2010	2010/tv_com_2010_48.txt	tv_com_2010_48.txt
t000658	2010	2010/tv_com_2010_49.txt	tv_com_2010_49.txt
t000659	2010	2010/tv_com_2010_50.txt	tv_com_2010_50.txt
t000660	2010	2010/tv_com_2010_51.txt	tv_com_2010_51.txt
t000661	2010	2010/tv_com_2010_52.txt	tv_com_2010_52.txt
t000662	2010	2010/tv_com_2010_53.txt	tv_com_2010_53.txt
t000663	2010	2010/tv_com_2010_55.txt	tv_com_2010_55.txt
t000664	2010	2010/tv_com_2010_56.txt	tv_com_2010_56.txt
t000665	2010	2010/tv_com_2010_57.txt	tv_com_2010_57.txt
t000666	2010	2010/tv_com_2010_58.txt	tv_com_2010_58.txt
t000667	2010	2010/tv_com_2010_59.txt	tv_com_2010_59.txt
t000668	2010	2010/tv_com_2010_60.txt	tv_com_2010_60.txt
t000669	2010	2010/tv_com_2010_61.txt	tv_com_2010_61.txt
t000670	2010	2010/tv_com_2010_62.txt	tv_com_2010_62.txt
t000671	2010	2010/tv_com_2010_63.txt	tv_com_2010_63.txt
t000672	2010	2010/tv_com_2010_64.txt	tv_com_2010_64.txt
t000673	2010	2010/tv_com_2010_65.txt	tv_com_2010_65.txt
t000674	2010	2010/tv_com_2010_66.txt	tv_com_2010_66.txt
t000675	2010	2010/tv_com_2010_68.txt	tv_com_2010_68.txt
t000676	2010	2010/tv_com_2010_69.txt	tv_com_2010_69.txt
t000677	2010	2010/tv_com_2010_70.txt	tv_com_2010_70.txt
t000678	2010	2010/tv_com_2010_71.txt	tv_com_2010_71.txt
t000679	2010	2010/tv_com_2010_72.txt	tv_com_2010_72.txt
t000680	2010	2010/tv_com_2010_75.txt	tv_com_2010_75.txt
t000681	2010	2010/tv_com_2010_76.txt	tv_com_2010_76.txt
t000682	2010	2010/tv_com_2010_77.txt	tv_com_2010_77.txt
t000683	2010	2010/tv_com_2010_78.txt	tv_com_2010_78.txt
t000684	2010	2010/tv_com_2010_79.txt	tv_com_2010_79.txt
t000685	2010	2010/tv_com_2010_80.txt	tv_com_2010_80.txt
t000686	2010	2010/tv_com_2010_81.txt	tv_com_2010_81.txt
t000687	2010	2010/tv_com_2010_82.txt	tv_com_2010_82.txt
t000688	2010	2010/tv_com_2010_83.txt	tv_com_2010_83.txt
t000689	2010	2010/tv_com_2010_84.txt	tv_com_2010_84.txt
t000690	2010	2010/tv_com_2010_85.txt	tv_com_2010_85.txt
t000691	2010	2010/tv_com_2010_87.txt	tv_com_2010_87.txt
t000692	2010	2010/tv_com_2010_88.txt	tv_com_2010_88.txt
t000693	2010	2010/tv_com_2010_90.txt	tv_com_2010_90.txt
t000694	2010	2010/tv_com_2010_91.txt	tv_com_2010_91.txt
t000695	2010	2010/tv_com_2010_92.txt	tv_com_2010_92.txt
t000696	2010	2010/tv_com_2010_93.txt	tv_com_2010_93.txt
t000697	2010	2010/tv_com_2010_94.txt	tv_com_2010_94.txt
t000698	2010	2010/tv_com_2010_95.txt	tv_com_2010_95.txt
t000699	2010	2010/tv_com_2010_96.txt	tv_com_2010_96.txt
t000700	2010	2010/tv_com_2010_97.txt	tv_com_2010_97.txt
t000701	2010	2010/tv_com_2010_98.txt	tv_com_2010_98.txt
t000702	2010	2010/tv_com_2010_99.txt	tv_com_2010_99.txt
t000703	2010	2010/tv_com_2010_100.txt	tv_com_2010_100.txt
t000704	2010	2010/tv_com_2010_102.txt	tv_com_2010_102.txt
t000705	2010	2010/tv_com_2010_103.txt	tv_com_2010_103.txt
t000706	2010	2010/tv_com_2010_104.txt	tv_com_2010_104.txt
t000707	2010	2010/tv_com_2010_105.txt	tv_com_2010_105.txt
t000708	2010	2010/tv_com_2010_107.txt	tv_com_2010_107.txt
t000709	2010	2010/tv_com_2010_108.txt	tv_com_2010_108.txt
t000710	2010	2010/tv_com_2010_109.txt	tv_com_2010_109.txt
t000711	2010	2010/tv_com_2010_110.txt	tv_com_2010_110.txt
t000712	2010	2010/tv_com_2010_111.txt	tv_com_2010_111.txt
t000713	2010	2010/tv_com_2010_112.txt	tv_com_2010_112.txt
t000714	2010	2010/tv_com_2010_113.txt	tv_com_2010_113.txt
t000715	2010	2010/tv_com_2010_114.txt	tv_com_2010_114.txt
t000716	2010	2010/tv_com_2010_115.txt	tv_com_2010_115.txt
t000717	2010	2010/tv_com_2010_116.txt	tv_com_2010_116.txt
t000718	2010	2010/tv_com_2010_117.txt	tv_com_2010_117.txt
t000719	2010	2010/tv_com_2010_118.txt	tv_com_2010_118.txt
t000720	2010	2010/tv_com_2010_119.txt	tv_com_2010_119.txt
t000721	2010	2010/tv_com_2010_120.txt	tv_com_2010_120.txt
t000722	2020	2020/tv_com_2020_1.txt	tv_com_2020_1.txt
t000723	2020	2020/tv_com_2020_2.txt	tv_com_2020_2.txt
t000724	2020	2020/tv_com_2020_3.txt	tv_com_2020_3.txt
t000725	2020	2020/tv_com_2020_4.txt	tv_com_2020_4.txt
t000726	2020	2020/tv_com_2020_5.txt	tv_com_2020_5.txt
t000727	2020	2020/tv_com_2020_6.txt	tv_com_2020_6.txt
t000728	2020	2020/tv_com_2020_7.txt	tv_com_2020_7.txt
t000729	2020	2020/tv_com_2020_8.txt	tv_com_2020_8.txt
t000730	2020	2020/tv_com_2020_10.txt	tv_com_2020_10.txt
t000731	2020	2020/tv_com_2020_12.txt	tv_com_2020_12.txt
t000732	2020	2020/tv_com_2020_13.txt	tv_com_2020_13.txt
t000733	2020	2020/tv_com_2020_14.txt	tv_com_2020_14.txt
t000734	2020	2020/tv_com_2020_15.txt	tv_com_2020_15.txt
t000735	2020	2020/tv_com_2020_16.txt	tv_com_2020_16.txt
t000736	2020	2020/tv_com_2020_17.txt	tv_com_2020_17.txt
t000737	2020	2020/tv_com_2020_18.txt	tv_com_2020_18.txt
t000738	2020	2020/tv_com_2020_19.txt	tv_com_2020_19.txt
t000739	2020	2020/tv_com_2020_20.txt	tv_com_2020_20.txt
t000740	2020	2020/tv_com_2020_21.txt	tv_com_2020_21.txt
t000741	2020	2020/tv_com_2020_22.txt	tv_com_2020_22.txt
t000742	2020	2020/tv_com_2020_23.txt	tv_com_2020_23.txt
t000743	2020	2020/tv_com_2020_24.txt	tv_com_2020_24.txt
t000744	2020	2020/tv_com_2020_25.txt	tv_com_2020_25.txt
t000745	2020	2020/tv_com_2020_26.txt	tv_com_2020_26.txt
t000746	2020	2020/tv_com_2020_27.txt	tv_com_2020_27.txt
t000747	2020	2020/tv_com_2020_28.txt	tv_com_2020_28.txt
t000748	2020	2020/tv_com_2020_29.txt	tv_com_2020_29.txt
t000749	2020	2020/tv_com_2020_30.txt	tv_com_2020_30.txt
t000750	2020	2020/tv_com_2020_31.txt	tv_com_2020_31.txt
t000751	2020	2020/tv_com_2020_33.txt	tv_com_2020_33.txt
t000752	2020	2020/tv_com_2020_34.txt	tv_com_2020_34.txt
t000753	2020	2020/tv_com_2020_35.txt	tv_com_2020_35.txt
t000754	2020	2020/tv_com_2020_36.txt	tv_com_2020_36.txt
t000755	2020	2020/tv_com_2020_37.txt	tv_com_2020_37.txt
t000756	2020	2020/tv_com_2020_38.txt	tv_com_2020_38.txt
t000757	2020	2020/tv_com_2020_39.txt	tv_com_2020_39.txt
t000758	2020	2020/tv_com_2020_40.txt	tv_com_2020_40.txt
t000759	2020	2020/tv_com_2020_42.txt	tv_com_2020_42.txt
t000760	2020	2020/tv_com_2020_43.txt	tv_com_2020_43.txt
t000761	2020	2020/tv_com_2020_45.txt	tv_com_2020_45.txt
t000762	2020	2020/tv_com_2020_46.txt	tv_com_2020_46.txt
t000763	2020	2020/tv_com_2020_47.txt	tv_com_2020_47.txt
t000764	2020	2020/tv_com_2020_48.txt	tv_com_2020_48.txt
t000765	2020	2020/tv_com_2020_49.txt	tv_com_2020_49.txt
t000766	2020	2020/tv_com_2020_50.txt	tv_com_2020_50.txt
t000767	2020	2020/tv_com_2020_51.txt	tv_com_2020_51.txt
t000768	2020	2020/tv_com_2020_52.txt	tv_com_2020_52.txt
t000769	2020	2020/tv_com_2020_53.txt	tv_com_2020_53.txt
t000770	2020	2020/tv_com_2020_54.txt	tv_com_2020_54.txt
t000771	2020	2020/tv_com_2020_55.txt	tv_com_2020_55.txt
t000772	2020	2020/tv_com_2020_56.txt	tv_com_2020_56.txt
t000773	2020	2020/tv_com_2020_57.txt	tv_com_2020_57.txt
t000774	2020	2020/tv_com_2020_58.txt	tv_com_2020_58.txt
t000775	2020	2020/tv_com_2020_59.txt	tv_com_2020_59.txt
t000776	2020	2020/tv_com_2020_61.txt	tv_com_2020_61.txt
t000777	2020	2020/tv_com_2020_62.txt	tv_com_2020_62.txt
t000778	2020	2020/tv_com_2020_63.txt	tv_com_2020_63.txt
t000779	2020	2020/tv_com_2020_64.txt	tv_com_2020_64.txt
t000780	2020	2020/tv_com_2020_65.txt	tv_com_2020_65.txt
t000781	2020	2020/tv_com_2020_66.txt	tv_com_2020_66.txt
t000782	2020	2020/tv_com_2020_67.txt	tv_com_2020_67.txt
t000783	2020	2020/tv_com_2020_68.txt	tv_com_2020_68.txt
t000784	2020	2020/tv_com_2020_69.txt	tv_com_2020_69.txt
t000785	2020	2020/tv_com_2020_70.txt	tv_com_2020_70.txt
t000786	2020	2020/tv_com_2020_71.txt	tv_com_2020_71.txt
t000787	2020	2020/tv_com_2020_72.txt	tv_com_2020_72.txt
t000788	2020	2020/tv_com_2020_73.txt	tv_com_2020_73.txt
t000789	2020	2020/tv_com_2020_74.txt	tv_com_2020_74.txt
t000790	2020	2020/tv_com_2020_75.txt	tv_com_2020_75.txt
t000791	2020	2020/tv_com_2020_76.txt	tv_com_2020_76.txt
t000792	2020	2020/tv_com_2020_77.txt	tv_com_2020_77.txt
t000793	2020	2020/tv_com_2020_78.txt	tv_com_2020_78.txt
t000794	2020	2020/tv_com_2020_79.txt	tv_com_2020_79.txt
t000795	2020	2020/tv_com_2020_81.txt	tv_com_2020_81.txt
t000796	2020	2020/tv_com_2020_82.txt	tv_com_2020_82.txt
t000797	2020	2020/tv_com_2020_83.txt	tv_com_2020_83.txt
t000798	2020	2020/tv_com_2020_84.txt	tv_com_2020_84.txt
t000799	2020	2020/tv_com_2020_85.txt	tv_com_2020_85.txt
t000800	2020	2020/tv_com_2020_86.txt	tv_com_2020_86.txt
t000801	2020	2020/tv_com_2020_88.txt	tv_com_2020_88.txt
t000802	2020	2020/tv_com_2020_89.txt	tv_com_2020_89.txt
t000803	2020	2020/tv_com_2020_90.txt	tv_com_2020_90.txt
t000804	2020	2020/tv_com_2020_91.txt	tv_com_2020_91.txt
t000805	2020	2020/tv_com_2020_92.txt	tv_com_2020_92.txt
t000806	2020	2020/tv_com_2020_93.txt	tv_com_2020_93.txt
t000807	2020	2020/tv_com_2020_94.txt	tv_com_2020_94.txt
t000808	2020	2020/tv_com_2020_95.txt	tv_com_2020_95.txt
t000809	2020	2020/tv_com_2020_96.txt	tv_com_2020_96.txt
t000810	2020	2020/tv_com_2020_98.txt	tv_com_2020_98.txt
t000811	2020	2020/tv_com_2020_99.txt	tv_com_2020_99.txt
t000812	2020	2020/tv_com_2020_101.txt	tv_com_2020_101.txt
t000813	2020	2020/tv_com_2020_102.txt	tv_com_2020_102.txt
t000814	2020	2020/tv_com_2020_103.txt	tv_com_2020_103.txt
t000815	2020	2020/tv_com_2020_104.txt	tv_com_2020_104.txt
t000816	2020	2020/tv_com_2020_107.txt	tv_com_2020_107.txt
t000817	2020	2020/tv_com_2020_108.txt	tv_com_2020_108.txt
t000818	2020	2020/tv_com_2020_109.txt	tv_com_2020_109.txt
t000819	2020	2020/tv_com_2020_113.txt	tv_com_2020_113.txt
t000820	2020	2020/tv_com_2020_114.txt	tv_com_2020_114.txt
t000821	2020	2020/tv_com_2020_115.txt	tv_com_2020_115.txt
t000822	2020	2020/tv_com_2020_116.txt	tv_com_2020_116.txt
t000823	2020	2020/tv_com_2020_118.txt	tv_com_2020_118.txt
t000824	2020	2020/tv_com_2020_119.txt	tv_com_2020_119.txt
