component	eigenvalue	proportion_variance	cumulative_variance
1	5.2938792262	0.0268724834	0.0268724834
2	4.0737572142	0.0206789706	0.0475514540
3	3.3143817074	0.0168242726	0.0643757266
4	3.0894741849	0.0156826101	0.0800583367
5	2.8111792750	0.0142699456	0.0943282823
6	2.8086222615	0.0142569658	0.1085852481
7	2.7052657585	0.0137323135	0.1223175616
8	2.6421996735	0.0134121811	0.1357297426
9	2.5760091828	0.0130761887	0.1488059314
10	2.4105154829	0.0122361192	0.1610420506
11	2.3919520451	0.0121418886	0.1731839391
12	2.3475930950	0.0119167162	0.1851006554
13	2.2527753701	0.0114354080	0.1965360633
14	2.1734523908	0.0110327533	0.2075688166
15	2.1598348968	0.0109636289	0.2185324455
16	2.1447530357	0.0108870712	0.2294195168
17	2.0640142190	0.0104772295	0.2398967463
18	2.0559934706	0.0104365151	0.2503332614
19	2.0115813555	0.0102110729	0.2605443342
20	2.0008492020	0.0101565949	0.2707009292
21	1.9108253800	0.0096996212	0.2804005504
22	1.8973386478	0.0096311606	0.2900317110
23	1.8620600374	0.0094520814	0.2994837924
24	1.8576310472	0.0094295992	0.3089133917
25	1.8041751589	0.0091582495	0.3180716412
26	1.7790721867	0.0090308233	0.3271024645
27	1.7500831292	0.0088836707	0.3359861352
28	1.7125105371	0.0086929469	0.3446790821
29	1.7022292809	0.0086407578	0.3533198399
30	1.6882868564	0.0085699840	0.3618898239
31	1.6728740640	0.0084917465	0.3703815704
32	1.6413351424	0.0083316505	0.3787132209
33	1.6348946667	0.0082989577	0.3870121786
34	1.6032036900	0.0081380898	0.3951502684
35	1.5717758498	0.0079785576	0.4031288260
36	1.5480136489	0.0078579373	0.4109867633
37	1.5382906779	0.0078085821	0.4187953454
38	1.5265654927	0.0077490634	0.4265444088
39	1.5236072743	0.0077340471	0.4342784559
40	1.4985643684	0.0076069257	0.4418853816
41	1.4743891004	0.0074842086	0.4493695903
42	1.4616885320	0.0074197387	0.4567893290
43	1.4406624503	0.0073130074	0.4641023364
44	1.4169382260	0.0071925798	0.4712949162
45	1.4039540478	0.0071266703	0.4784215865
46	1.3839501383	0.0070251276	0.4854467141
47	1.3741586980	0.0069754249	0.4924221390
48	1.3569902621	0.0068882754	0.4993104144
49	1.3374263313	0.0067889661	0.5060993806
50	1.3228083220	0.0067147631	0.5128141436
51	1.3162501207	0.0066814727	0.5194956163
52	1.3082052048	0.0066406356	0.5261362519
53	1.2954493431	0.0065758850	0.5327121369
54	1.2743815283	0.0064689418	0.5391810786
55	1.2528714366	0.0063597535	0.5455408321
56	1.2376612363	0.0062825443	0.5518233765
57	1.2314979123	0.0062512584	0.5580746349
58	1.2201574454	0.0061936926	0.5642683275
59	1.2135885383	0.0061603479	0.5704286754
60	1.2017152475	0.0061000774	0.5765287528
61	1.1821761861	0.0060008943	0.5825296472
62	1.1723270057	0.0059508985	0.5884805457
63	1.1597622365	0.0058871180	0.5943676636
64	1.1468069579	0.0058213551	0.6001890187
65	1.1255368250	0.0057133849	0.6059024036
66	1.1138014257	0.0056538143	0.6115562180
67	1.1082867388	0.0056258210	0.6171820390
68	1.1063198802	0.0056158370	0.6227978759
69	1.0947958375	0.0055573393	0.6283552152
70	1.0873453662	0.0055195196	0.6338747348
71	1.0811603526	0.0054881236	0.6393628585
72	1.0705535624	0.0054342820	0.6447971405
73	1.0503606808	0.0053317801	0.6501289206
74	1.0442921244	0.0053009753	0.6554298959
75	1.0398144640	0.0052782460	0.6607081419
76	1.0321103180	0.0052391387	0.6659472805
77	1.0153592157	0.0051541077	0.6711013882
78	1.0002812646	0.0050775699	0.6761789581
79	0.9899263003	0.0050250066	0.6812039647
80	0.9826611211	0.0049881275	0.6861920922
81	0.9641654033	0.0048942406	0.6910863329
82	0.9633091396	0.0048898941	0.6959762270
83	0.9552982201	0.0048492295	0.7008254565
84	0.9370834441	0.0047567688	0.7055822253
85	0.9251972031	0.0046964325	0.7102786578
86	0.9103676311	0.0046211555	0.7148998133
87	0.8983162257	0.0045599808	0.7194597941
88	0.8938229135	0.0045371721	0.7239969662
89	0.8856560468	0.0044957160	0.7284926822
90	0.8788560207	0.0044611981	0.7329538803
91	0.8662055819	0.0043969826	0.7373508629
92	0.8517481950	0.0043235949	0.7416744578
93	0.8499873746	0.0043146567	0.7459891146
94	0.8468495609	0.0042987287	0.7502878433
95	0.8383121049	0.0042553914	0.7545432347
96	0.8329906229	0.0042283788	0.7587716135
97	0.8225309034	0.0041752838	0.7629468973
98	0.8170541780	0.0041474831	0.7670943804
99	0.8161490585	0.0041428886	0.7712372690
100	0.8022326140	0.0040722468	0.7753095158
101	0.7911671359	0.0040160768	0.7793255926
102	0.7817722472	0.0039683870	0.7832939797
103	0.7767471676	0.0039428790	0.7872368587
104	0.7659236542	0.0038879373	0.7911247960
105	0.7511209537	0.0038127967	0.7949375927
106	0.7498822350	0.0038065088	0.7987441015
107	0.7399080557	0.0037558785	0.8024999800
108	0.7330279419	0.0037209540	0.8062209340
109	0.7221306139	0.0036656376	0.8098865717
110	0.7143757922	0.0036262731	0.8135128447
111	0.7079772476	0.0035937931	0.8171066378
112	0.6901318611	0.0035032074	0.8206098453
113	0.6859916926	0.0034821913	0.8240920366
114	0.6779594647	0.0034414186	0.8275334552
115	0.6698004090	0.0034000021	0.8309334573
116	0.6643035221	0.0033720991	0.8343055564
117	0.6581485550	0.0033408556	0.8376464120
118	0.6497951127	0.0032984523	0.8409448643
119	0.6455287804	0.0032767958	0.8442216602
120	0.6396222541	0.0032468135	0.8474684736
121	0.6224247721	0.0031595166	0.8506279903
122	0.6177273463	0.0031356718	0.8537636621
123	0.6128994332	0.0031111646	0.8568748267
124	0.5984069548	0.0030375988	0.8599124255
125	0.5962052308	0.0030264225	0.8629388479
126	0.5933829617	0.0030120963	0.8659509442
127	0.5897135547	0.0029934698	0.8689444140
128	0.5823759809	0.0029562233	0.8719006373
129	0.5712593832	0.0028997938	0.8748004311
130	0.5641222618	0.0028635648	0.8776639959
131	0.5600099141	0.0028426899	0.8805066858
132	0.5514648744	0.0027993141	0.8833059999
133	0.5443175513	0.0027630333	0.8860690331
134	0.5351210049	0.0027163503	0.8887853834
135	0.5315310622	0.0026981272	0.8914835106
136	0.5285194674	0.0026828399	0.8941663506
137	0.5260082383	0.0026700926	0.8968364431
138	0.5153916300	0.0026162012	0.8994526443
139	0.5104774529	0.0025912561	0.9020439004
140	0.4927072530	0.0025010520	0.9045449525
141	0.4914002865	0.0024944177	0.9070393702
142	0.4896493373	0.0024855296	0.9095248998
143	0.4817031465	0.0024451936	0.9119700934
144	0.4774508277	0.0024236083	0.9143937017
145	0.4714657215	0.0023932270	0.9167869287
146	0.4655168218	0.0023630296	0.9191499583
147	0.4616880063	0.0023435939	0.9214935522
148	0.4524155221	0.0022965255	0.9237900777
149	0.4522993614	0.0022959358	0.9260860135
150	0.4389330809	0.0022280867	0.9283141002
151	0.4374308253	0.0022204610	0.9305345613
152	0.4301005881	0.0021832517	0.9327178130
153	0.4208877996	0.0021364863	0.9348542993
154	0.4192741770	0.0021282953	0.9369825946
155	0.4082586367	0.0020723789	0.9390549735
156	0.4038885909	0.0020501959	0.9411051694
157	0.3992848681	0.0020268267	0.9431319961
158	0.3944892980	0.0020024837	0.9451344799
159	0.3903824144	0.0019816366	0.9471161165
160	0.3838458825	0.0019484563	0.9490645727
161	0.3773329723	0.0019153958	0.9509799685
162	0.3702193706	0.0018792861	0.9528592547
163	0.3638033058	0.0018467173	0.9547059720
164	0.3600152515	0.0018274886	0.9565334606
165	0.3521807160	0.0017877194	0.9583211799
166	0.3480954321	0.0017669819	0.9600881618
167	0.3453509647	0.0017530506	0.9618412124
168	0.3357583083	0.0017043569	0.9635455693
169	0.3303797555	0.0016770546	0.9652226239
170	0.3232047609	0.0016406333	0.9668632572
171	0.3186304014	0.0016174132	0.9684806704
172	0.3140285583	0.0015940536	0.9700747240
173	0.3100525970	0.0015738711	0.9716485950
174	0.3039082359	0.0015426814	0.9731912764
175	0.3025454512	0.0015357637	0.9747270402
176	0.2973279857	0.0015092791	0.9762363193
177	0.2941583844	0.0014931898	0.9777295090
178	0.2861880788	0.0014527314	0.9791822404
179	0.2813874234	0.0014283626	0.9806106030
180	0.2703420601	0.0013722947	0.9819828977
181	0.2661019038	0.0013507711	0.9833336688
182	0.2646022439	0.0013431586	0.9846768274
183	0.2548417313	0.0012936128	0.9859704402
184	0.2482828636	0.0012603191	0.9872307593
185	0.2449929917	0.0012436192	0.9884743786
186	0.2355107085	0.0011954858	0.9896698644
187	0.2322198082	0.0011787808	0.9908486451
188	0.2219017095	0.0011264046	0.9919750498
189	0.2171995799	0.0011025359	0.9930775857
190	0.2121337928	0.0010768213	0.9941544070
191	0.2033500255	0.0010322336	0.9951866406
192	0.1908976655	0.0009690237	0.9961556643
193	0.1834106292	0.0009310184	0.9970866827
194	0.1730802615	0.0008785800	0.9979652627
195	0.1655149239	0.0008401773	0.9988054400
196	0.1609110385	0.0008168073	0.9996222473
197	0.0744172799	0.0003777527	1.0000000000
